model,rmse,mae
OLS (run diff/G),3.93959807791677,2.99864741484588
Pythagorean (k = 1.75),3.95094789721157,2.99995676844403
Pythagorean (k = 2),4.29505331840579,3.26468869461146
